-0.3638,-0.3636,8.1974,15.7299,15.4397,51.8812,0.0421,0,0
-0.3140,-0.3725,16.6257,31.1800,11.0422,36.8779,0.0224,1,0
-0.2410,-0.3625,8.2699,31.8630,7.8196,38.5584,0.0323,2,0
-0.1742,-0.3496,7.7281,37.6689,7.8927,37.9515,0.0441,3,0
-0.1070,-0.3445,7.9487,39.7800,8.1709,36.8072,0.0490,4,0
-0.0381,-0.3388,7.9085,41.4629,7.7580,36.8996,0.0547,5,0
0.0307,-0.3434,7.7879,40.4908,8.2654,35.3959,0.0503,6,0
0.0939,-0.3457,7.7340,44.3109,7.9936,30.4031,0.0496,7,0
0.1622,-0.3518,7.9751,44.3665,8.3727,28.5943,0.0449,8,0
0.2302,-0.3565,7.8995,45.8644,8.0960,26.2819,0.0421,9,0
0.2988,-0.3664,10.8587,46.2980,8.3838,22.3334,0.0357,10,0
0.3667,-0.3654,15.7132,49.6089,9.3527,17.5150,0.0388,11,0
0.3742,-0.3171,32.9818,34.7680,18.1017,11.8848,0.0199,11,1
0.3089,-0.3089,24.1816,40.5826,19.6259,23.9379,0.0185,10,1
0.2417,-0.3036,16.8629,39.6061,17.4016,29.9184,0.0203,9,1
0.1744,-0.3007,12.3368,37.8704,16.0164,34.2114,0.0216,8,1
0.1051,-0.2987,10.6415,36.8873,13.7299,35.6080,0.0233,7,1
0.0389,-0.2953,8.1353,34.5966,10.6496,39.1040,0.0268,6,1
-0.0280,-0.2937,8.0683,32.2180,9.8163,41.3890,0.0293,5,1
-0.0970,-0.2966,9.5961,30.6284,11.7849,42.3039,0.0273,4,1
-0.1626,-0.2960,8.9526,27.0966,12.6028,45.7740,0.0306,3,1
-0.2308,-0.2991,11.4305,23.5102,16.1708,46.1514,0.0301,2,1
-0.2986,-0.2986,11.5938,19.2081,19.4117,48.7878,0.0330,1,1
-0.3659,-0.2994,8.1675,9.4904,22.8947,46.0399,0.0356,0,1
-0.3652,-0.2477,11.4993,8.0359,36.1384,34.0643,0.0285,0,2
-0.3040,-0.2398,17.0845,17.7625,28.2356,40.4057,0.0208,1,2
-0.2406,-0.2366,19.9441,27.5470,22.3307,40.0814,0.0169,2,2
-0.1737,-0.2346,19.6897,31.5618,18.5245,38.5611,0.0166,3,2
-0.1065,-0.2336,19.7136,35.1958,16.8532,36.0449,0.0168,4,2
-0.0394,-0.2327,19.1550,38.3392,15.3261,33.8430,0.0181,5,2
0.0288,-0.2325,19.7677,40.3204,15.0964,31.8066,0.0192,6,2
0.0957,-0.2323,20.1561,42.7925,14.6056,28.9635,0.0215,7,2
0.1621,-0.2330,22.1756,44.8591,14.4855,24.3676,0.0241,8,2
0.2293,-0.2312,22.4763,47.2892,12.9012,20.6857,0.0285,9,2
0.2955,-0.2316,25.5173,47.2391,10.3201,13.0933,0.0324,10,2
0.3598,-0.2297,25.0378,45.1020,7.8519,7.7777,0.0395,11,2
0.3519,-0.1828,42.3987,32.7861,7.9010,8.3102,0.0417,11,3
0.3000,-0.1750,34.7028,37.5477,15.9975,11.0461,0.0223,10,3
0.2363,-0.1717,29.8340,38.8106,19.7656,21.0336,0.0158,9,3
0.1718,-0.1683,25.3036,38.5310,21.3886,28.9185,0.0126,8,3
0.1055,-0.1672,21.9262,36.3002,23.0371,33.0616,0.0118,7,3
0.0385,-0.1677,21.3206,33.2699,24.2466,36.0763,0.0115,6,3
-0.0277,-0.1670,19.6221,29.6355,25.1876,39.3798,0.0143,5,3
-0.0946,-0.1662,17.5590,26.6592,25.8533,42.4060,0.0179,4,3
-0.1626,-0.1665,16.9855,23.1775,27.2974,43.1133,0.0204,3,3
-0.2281,-0.1659,13.4586,16.7658,29.1801,45.1900,0.0258,2,3
-0.2960,-0.1660,10.0547,11.0975,29.5564,43.6469,0.0289,1,3
-0.3381,-0.1644,8.1257,7.8421,34.3688,46.6024,0.0572,0,3
-0.3455,-0.1131,7.7257,8.3491,43.3284,32.4995,0.0483,0,4
-0.2990,-0.1055,13.6445,10.1992,35.4296,36.3733,0.0231,1,4
-0.2360,-0.1021,19.0013,20.3891,31.7645,37.9557,0.0153,2,4
-0.1716,-0.1016,23.6137,26.9309,29.0860,35.8513,0.0092,3,4
-0.1047,-0.1000,24.9963,31.2982,26.4173,35.4305,0.0078,4,4
-0.0400,-0.0995,27.4024,36.2996,22.9837,31.3926,0.0089,5,4
0.0281,-0.0996,28.3467,37.8615,21.8149,29.4460,0.0109,6,4
0.0965,-0.0993,29.5234,39.8480,20.6935,25.8841,0.0135,7,4
0.1618,-0.0990,31.3501,42.1183,16.8008,20.8729,0.0189,8,4
0.2287,-0.0998,32.6682,42.1414,14.1145,15.6219,0.0229,9,4
0.2937,-0.0980,32.0308,42.3486,8.0474,8.8346,0.0298,10,4
0.3216,-0.1019,43.8627,46.4333,7.7360,7.9684,0.0721,11,4
0.3396,-0.0487,48.1336,30.1978,8.0002,7.9671,0.0554,11,5
0.2969,-0.0384,38.2489,34.3596,11.9266,9.3263,0.0251,10,5
0.2342,-0.0322,33.3130,37.5118,17.3164,18.9872,0.0166,9,5
0.1708,-0.0353,33.1896,34.0294,24.6020,24.5523,0.0081,8,5
0.1060,-0.0328,28.9848,32.6620,28.2754,30.7319,0.0032,7,5
0.0380,-0.0325,27.1493,30.6489,29.1077,32.4434,0.0040,6,5
-0.0281,-0.0326,24.1528,27.2906,31.9920,35.9205,0.0083,5,5
-0.0951,-0.0340,22.4976,23.1157,34.3203,37.1010,0.0124,4,5
-0.1621,-0.0341,18.8092,18.9168,36.1618,37.9988,0.0168,3,5
-0.2272,-0.0336,13.0516,13.5406,36.8184,39.4888,0.0233,2,5
-0.2919,-0.0344,7.9472,8.3071,36.9926,38.2665,0.0301,1,5
-0.3182,-0.0335,7.8371,8.2634,44.9205,46.3135,0.0753,0,5
-0.3396,0.0195,8.3070,8.1593,48.5668,29.1830,0.0563,0,6
-0.2973,0.0314,11.1567,9.9451,38.5997,33.4141,0.0250,1,6
-0.2354,0.0331,19.8776,18.1744,36.7127,33.6972,0.0152,2,6
-0.1715,0.0346,25.1323,24.5423,33.5832,32.0908,0.0075,3,6
-0.1063,0.0349,29.6705,28.6790,31.4099,29.8876,0.0014,4,6
-0.0393,0.0343,32.9055,31.0003,28.8502,27.1918,0.0038,5,6
0.0271,0.0338,36.0781,32.8749,25.9760,24.3003,0.0089,6,6
0.0945,0.0333,37.2135,34.2746,23.5495,21.3992,0.0130,7,6
0.1611,0.0333,39.4631,35.9200,18.6671,18.0192,0.0179,8,6
0.2284,0.0325,39.7386,35.4265,14.5317,13.6518,0.0222,9,6
0.2936,0.0314,39.4989,34.7269,8.7931,7.9331,0.0286,10,6
0.3120,0.0327,49.5833,47.1333,7.9152,8.2539,0.0815,11,6
0.3396,0.0889,48.7360,29.2918,7.8110,8.0074,0.0569,11,7
0.2981,0.1018,38.6588,33.1706,11.8589,12.3611,0.0244,10,7
0.2359,0.1035,37.7052,32.5943,19.4154,19.3944,0.0150,9,7
0.1719,0.1028,35.4216,30.1191,26.2687,23.7550,0.0083,8,7
0.1072,0.0997,33.7472,25.3621,33.2927,25.9792,0.0076,7,7
0.0397,0.1001,31.1949,23.7750,35.5181,27.7850,0.0082,6,7
-0.0259,0.1010,27.0432,21.6811,38.6264,30.6173,0.0117,5,7
-0.0933,0.0992,24.2488,19.1116,40.9250,30.8447,0.0162,4,7
-0.1605,0.0993,19.8334,16.9838,42.0881,31.8298,0.0200,3,7
-0.2263,0.0992,14.3805,12.2921,43.4936,33.5580,0.0254,2,7
-0.2948,0.0980,9.5016,8.7217,41.9585,31.5585,0.0287,1,7
-0.3173,0.0979,7.7637,7.5892,50.0676,43.1362,0.0768,0,7
-0.3470,0.1557,8.0814,7.9834,49.2274,25.5300,0.0519,0,8
-0.3007,0.1694,13.7803,14.1825,40.5542,30.4761,0.0232,1,8
-0.2393,0.1712,23.5868,21.2076,38.1817,28.5015,0.0135,2,8
-0.1750,0.1694,30.9272,24.3199,36.4787,24.6635,0.0102,3,8
-0.1078,0.1679,34.5048,24.1159,34.7549,21.6300,0.0110,4,8
-0.0408,0.1681,37.3240,25.0741,31.6795,20.3113,0.0118,5,8
0.0259,0.1662,41.1038,25.4208,28.9400,17.8998,0.0160,6,8
0.0930,0.1657,43.7914,26.3028,25.7952,16.4862,0.0195,7,8
0.1600,0.1647,45.3903,26.5862,21.8661,14.7165,0.0236,8,8
0.2267,0.1654,46.4337,28.9816,15.8843,12.8665,0.0273,9,8
0.2954,0.1637,44.8150,28.1335,11.2981,9.6497,0.0306,10,8
0.3289,0.1630,50.1627,37.0711,8.1066,8.1690,0.0665,11,8
0.3517,0.2243,50.0546,23.4475,8.0293,7.8817,0.0493,11,9
0.3042,0.2396,40.3246,28.5355,18.2294,17.3826,0.0208,10,9
0.2426,0.2394,38.2909,24.4358,27.6684,21.6861,0.0135,9,9
0.1758,0.2341,37.7872,17.7769,34.3483,20.8445,0.0166,8,9
0.1089,0.2337,35.1336,15.8529,36.9426,20.8401,0.0168,7,9
0.0417,0.2331,32.2341,14.7338,39.5526,20.4153,0.0183,6,9
-0.0246,0.2314,29.9559,12.5596,43.4273,19.6087,0.0221,5,9
-0.0928,0.2316,27.0773,12.9233,45.0391,20.2797,0.0238,4,9
-0.1587,0.2320,22.4365,12.7484,47.3434,22.7084,0.0273,3,9
-0.2264,0.2306,18.1736,11.2797,48.4799,23.2540,0.0311,2,9
-0.2962,0.2298,14.4827,9.8309,48.2630,23.6496,0.0329,1,9
-0.3510,0.2273,8.1765,8.0123,48.8730,26.0783,0.0484,0,9
-0.3622,0.2957,7.5756,8.0812,49.0943,21.4489,0.0408,0,10
-0.3105,0.3078,26.6017,20.3240,39.7200,21.1780,0.0182,1,10
-0.2447,0.3045,31.9767,19.2798,38.1162,16.2428,0.0183,2,10
-0.1782,0.3004,36.7196,16.9488,35.6236,10.5893,0.0215,3,10
-0.1105,0.2977,39.0880,14.4240,33.9021,8.2292,0.0245,4,10
-0.0430,0.2957,41.3986,12.7530,32.1252,7.5308,0.0272,5,10
0.0241,0.2952,43.8743,12.4207,29.4147,7.9088,0.0292,6,10
0.0908,0.2960,45.8846,13.2813,26.6307,7.8829,0.0308,7,10
0.1580,0.2981,47.4376,16.0763,23.3743,8.4637,0.0316,8,10
0.2267,0.2972,49.0903,16.7261,21.1307,9.2868,0.0342,9,10
0.2951,0.2976,50.5429,19.7595,16.8756,10.1282,0.0362,10,10
0.3614,0.2955,49.7631,21.5739,7.5674,8.0732,0.0415,11,10
0.3649,0.3648,51.0955,16.3897,16.0844,8.9119,0.0405,11,11
0.3159,0.3728,36.1271,10.7701,33.1369,17.0842,0.0215,10,11
0.2457,0.3615,35.6066,8.1356,35.9205,8.8974,0.0323,9,11
0.1782,0.3459,36.4178,8.2985,41.4554,7.7896,0.0476,8,11
0.1114,0.3412,34.5690,7.8945,43.5423,7.9943,0.0524,7,11
0.0451,0.3338,34.1388,7.6838,47.4388,8.3395,0.0604,6,11
-0.0213,0.3327,32.6009,8.3301,49.2294,8.0475,0.0625,5,11
-0.0895,0.3404,29.6090,7.9565,47.9458,7.8744,0.0559,4,11
-0.1567,0.3438,27.3660,8.3609,49.7417,8.1391,0.0543,3,11
-0.2256,0.3556,23.5117,7.8832,48.6228,7.8995,0.0453,2,11
-0.2958,0.3654,20.3915,8.1173,48.2223,11.0120,0.0384,1,11
-0.3652,0.3649,16.1387,8.8226,50.9697,16.2147,0.0402,0,11
-0.3655,-0.3621,8.1106,16.9922,13.8834,51.9572,0.0420,0,0
-0.3760,-0.3160,18.9573,14.0933,31.2787,35.0844,0.0184,0,1
-0.3652,-0.2447,10.7067,7.6899,33.7789,35.5748,0.0288,0,2
-0.3572,-0.1766,7.8178,8.0100,36.2959,34.4313,0.0364,0,3
-0.3457,-0.1111,7.9117,8.1250,42.7602,33.7972,0.0479,0,4
-0.3417,-0.0448,7.3825,7.7207,44.6743,32.4637,0.0526,0,5
-0.3412,0.0232,7.7962,8.1203,45.6883,31.0914,0.0537,0,6
-0.3393,0.0898,8.0007,7.9891,48.4848,29.9975,0.0569,0,7
-0.3528,0.1584,8.2721,8.4777,46.3817,25.4093,0.0456,0,8
-0.3598,0.2257,7.9230,8.1934,47.7891,22.3937,0.0418,0,9
-0.3651,0.2972,9.7664,7.9886,47.7495,20.9562,0.0377,0,10
-0.3670,0.3650,17.4523,9.8463,49.9349,15.5265,0.0388,0,11
-0.3178,0.3719,35.0723,17.0069,34.5671,9.0270,0.0220,1,11
-0.3092,0.3090,23.8248,19.8673,39.8045,23.8047,0.0182,1,10
-0.3053,0.2445,16.9713,19.6040,38.0748,31.9806,0.0177,1,9
-0.3007,0.1770,11.1080,16.5317,36.1130,35.2784,0.0213,1,8
-0.2984,0.1084,9.1137,14.3425,34.9306,37.2091,0.0235,1,7
-0.2975,0.0429,8.0815,13.9370,31.4436,40.7131,0.0255,1,6
-0.2973,-0.0251,7.9719,13.5973,29.9743,42.2896,0.0268,1,5
-0.2980,-0.0924,8.7096,14.5470,27.2015,44.2764,0.0282,1,4
-0.2981,-0.1589,9.0136,15.5462,23.6691,46.9403,0.0311,1,3
-0.2983,-0.2266,9.7362,17.6523,20.6590,49.0116,0.0335,1,2
-0.3001,-0.2967,11.6674,21.3573,16.8057,48.7594,0.0334,1,1
-0.3017,-0.3638,8.4209,25.3870,7.6607,45.5050,0.0359,1,0
-0.2426,-0.3632,9.1741,33.2355,7.9803,37.4808,0.0312,2,0
-0.2404,-0.3041,17.6273,29.1318,17.6025,40.3879,0.0204,2,1
-0.2385,-0.2417,21.4932,23.5089,26.3953,38.7036,0.0147,2,2
-0.2362,-0.1754,21.7544,19.8582,32.4085,37.5445,0.0146,2,3
-0.2344,-0.1101,21.6564,15.8800,37.7033,34.7538,0.0162,2,4
-0.2339,-0.0406,20.3751,16.0203,38.7853,32.8652,0.0171,2,5
-0.2332,0.0243,21.3071,13.9527,42.6838,28.8395,0.0207,2,6
-0.2338,0.0898,23.0550,13.5321,45.5651,24.2597,0.0241,2,7
-0.2322,0.1591,22.1647,12.6907,46.6712,22.2765,0.0269,2,8
-0.2323,0.2274,24.7077,12.4584,47.4964,18.1601,0.0292,2,9
-0.2311,0.2942,25.6642,9.6732,47.6810,12.6866,0.0338,2,10
-0.2295,0.3549,26.5113,7.9327,46.2025,8.0436,0.0439,2,11
-0.1814,0.3510,41.8995,8.0816,33.4233,7.6269,0.0425,3,11
-0.1749,0.3005,34.2403,16.2295,37.5001,11.8354,0.0217,3,10
-0.1710,0.2383,28.8223,20.5104,38.6148,23.1402,0.0145,3,9
-0.1706,0.1742,25.9689,24.0822,36.1121,29.8936,0.0095,3,8
-0.1670,0.1064,22.2337,23.1189,35.8008,33.6652,0.0119,3,7
-0.1667,0.0413,19.2865,24.5998,31.7277,38.1133,0.0133,3,6
-0.1665,-0.0259,17.8108,25.6018,28.6793,40.6490,0.0158,3,5
-0.1665,-0.0939,17.5579,26.5147,26.0945,42.2130,0.0182,3,4
-0.1664,-0.1615,16.3940,27.6613,21.6092,44.1597,0.0214,3,3
-0.1671,-0.2271,13.5739,29.8969,15.3424,44.8645,0.0261,3,2
-0.1671,-0.2967,10.7774,29.7980,10.9408,42.6747,0.0279,3,1
-0.1664,-0.3381,7.6619,35.9265,7.5054,45.2585,0.0567,3,0
-0.1071,-0.3497,8.3107,38.0923,8.1292,35.3260,0.0437,4,0
-0.1035,-0.2981,13.6085,34.0695,11.7657,37.2677,0.0241,4,1
-0.1041,-0.2355,19.3938,33.3710,18.5155,37.1121,0.0153,4,2
-0.1035,-0.1712,24.4570,30.3421,25.8421,36.1450,0.0086,4,3
-0.1002,-0.1062,25.8244,25.8804,32.4511,34.2515,0.0072,4,4
-0.1006,-0.0385,27.3994,24.5525,34.6291,31.9035,0.0073,4,5
-0.0997,0.0276,28.9483,22.3865,38.2870,29.1638,0.0111,4,6
-0.0994,0.0948,29.8314,19.9505,39.9535,24.6770,0.0148,4,7
-0.1001,0.1615,32.2610,17.8452,41.1977,20.2647,0.0188,4,8
-0.1009,0.2286,33.6391,14.8113,41.1047,14.8300,0.0228,4,9
-0.1010,0.2947,33.8527,9.3845,40.2580,8.3891,0.0280,4,10
-0.0997,0.3205,43.0432,8.2684,48.4876,7.9571,0.0734,4,11
-0.0487,0.3364,49.1398,8.3252,31.3518,7.8492,0.0585,5,11
-0.0386,0.2952,38.8693,10.4930,34.9044,8.0920,0.0269,5,10
-0.0343,0.2338,35.0205,17.7649,36.8790,17.7565,0.0167,5,9
-0.0334,0.1702,32.1252,23.7597,34.9361,24.7392,0.0090,5,8
-0.0333,0.1061,29.3412,28.0912,32.3242,30.0943,0.0027,5,7
-0.0347,0.0380,28.4896,30.6100,29.3070,32.1156,0.0025,5,6
-0.0342,-0.0285,25.1404,32.7847,26.7130,34.7219,0.0074,5,5
-0.0340,-0.0947,21.8549,34.6180,23.5983,37.2742,0.0127,5,4
-0.0345,-0.1626,19.7605,35.8849,19.2102,37.6259,0.0163,5,3
-0.0324,-0.2276,13.0912,36.3433,14.0674,40.0836,0.0230,5,2
-0.0337,-0.2947,8.8138,35.6927,8.2091,37.9551,0.0273,5,1
-0.0336,-0.3217,7.9961,43.9848,8.2482,44.7102,0.0718,5,0
0.0268,-0.3433,7.6392,42.9042,8.0426,32.6662,0.0510,6,0
0.0348,-0.2976,10.6649,36.3062,11.0564,35.8029,0.0243,6,1
0.0327,-0.2328,17.8198,37.8632,16.9107,34.0522,0.0178,6,2
0.0341,-0.1707,24.5937,34.3667,23.5218,32.9467,0.0083,6,3
0.0336,-0.1043,28.7529,32.5476,27.0211,30.0670,0.0037,6,4
0.0322,-0.0364,32.0568,31.6887,28.6052,27.7589,0.0036,6,5
0.0326,0.0291,35.4658,27.6124,31.4588,24.5603,0.0074,6,6
0.0332,0.0959,36.5302,24.0352,34.1456,22.2147,0.0117,6,7
0.0312,0.1606,40.5352,19.4519,34.8318,17.0596,0.0189,6,8
0.0322,0.2278,39.5188,14.8093,35.6250,12.8281,0.0228,6,9
0.0341,0.2953,37.8921,9.0042,35.3321,9.4388,0.0266,6,10
0.0321,0.3153,47.9679,8.3553,45.5407,7.7523,0.0783,6,11
0.0855,0.3465,49.0764,7.9108,25.1582,8.4606,0.0518,7,11
0.0995,0.2965,40.5783,11.2579,31.5176,10.8398,0.0266,7,10
0.1026,0.2348,37.8525,19.6058,32.5790,18.7767,0.0163,7,9
0.1025,0.1714,35.8294,26.5024,29.9569,23.7672,0.0088,7,8
0.1015,0.1054,34.2921,31.2049,26.9277,26.1109,0.0061,7,7
0.1001,0.0391,31.5060,35.2057,24.0352,27.8891,0.0079,7,6
0.1006,-0.0279,27.7582,37.4601,22.7039,28.9653,0.0103,7,5
0.1001,-0.0954,25.4101,39.7143,20.1475,30.5200,0.0139,7,4
0.0987,-0.1617,21.5572,41.9610,16.5323,30.7065,0.0192,7,3
0.0990,-0.2291,16.1301,42.3102,13.5982,32.1830,0.0229,7,2
0.1003,-0.2940,8.0175,40.9026,8.6371,33.3370,0.0288,7,1
0.0985,-0.3300,8.0178,45.8419,7.9460,39.2420,0.0641,7,0
0.1624,-0.3542,7.4018,43.6937,7.9311,28.2734,0.0425,8,0
0.1705,-0.2999,12.9736,40.3524,13.9691,31.4577,0.0236,8,1
0.1711,-0.2369,21.4039,38.7286,20.0650,29.1820,0.0156,8,2
0.1694,-0.1721,28.2749,37.6692,22.5603,26.0383,0.0116,8,3
0.1680,-0.1068,33.7451,34.9400,24.0681,22.3273,0.0109,8,4
0.1662,-0.0394,37.4689,33.2084,23.4259,19.9666,0.0132,8,5
0.1651,0.0274,40.5847,30.3990,24.2817,17.9802,0.0161,8,6
0.1653,0.0948,42.7112,27.1385,25.2692,16.9861,0.0185,8,7
0.1658,0.1593,45.5017,20.8888,28.1423,14.6305,0.0235,8,8
0.1645,0.2273,46.1469,16.7043,28.1230,12.2896,0.0272,8,9
0.1639,0.2941,45.2963,10.8445,28.3460,8.0688,0.0316,8,10
0.1604,0.3349,50.0973,7.7457,32.6473,7.9265,0.0614,8,11
0.2230,0.3581,49.6832,8.0084,20.7969,7.9253,0.0448,9,11
0.2379,0.3031,41.5857,17.7678,26.6927,16.5647,0.0226,9,10
0.2376,0.2413,39.2166,27.3252,22.6128,20.6505,0.0157,9,9
0.2341,0.1743,38.3551,32.8343,18.1898,20.0410,0.0169,9,8
0.2336,0.1076,35.8574,36.3915,16.5487,20.2439,0.0168,9,7
0.2328,0.0406,33.6076,39.2245,14.7648,19.6534,0.0182,9,6
0.2330,-0.0265,30.5013,41.4815,14.8783,20.3491,0.0197,9,5
0.2314,-0.0948,28.2404,43.4252,14.0460,19.6736,0.0228,9,4
0.2309,-0.1621,24.9406,46.2188,12.9869,20.5825,0.0257,9,3
0.2321,-0.2298,20.6417,46.3380,13.1490,23.5177,0.0275,9,2
0.2323,-0.2983,15.3561,45.9054,11.7073,25.2673,0.0298,9,1
0.2319,-0.3609,8.1453,44.1716,7.6729,25.9206,0.0375,9,0
0.3004,-0.3653,9.5168,46.2597,8.6595,23.5634,0.0355,10,0
0.3079,-0.3112,26.0594,39.5544,20.2574,22.4430,0.0177,10,1
0.3051,-0.2440,31.4476,38.3800,19.4045,17.5555,0.0180,10,2
0.3004,-0.1786,36.5526,35.8550,17.1083,10.9554,0.0215,10,3
0.2980,-0.1114,39.4147,33.3529,15.1556,7.6392,0.0242,10,4
0.2955,-0.0425,41.0430,32.1682,12.3834,7.9482,0.0273,10,5
0.2937,0.0227,44.9761,29.7855,11.6391,7.8373,0.0311,10,6
0.2942,0.0913,45.8910,27.7979,11.4988,8.0900,0.0320,10,7
0.2966,0.1615,45.8251,26.4686,13.1567,8.6291,0.0307,10,8
0.2970,0.2277,49.1294,22.2943,15.5314,9.3384,0.0337,10,9
0.2959,0.2963,50.3514,18.2754,17.9403,9.6831,0.0366,10,10
0.2948,0.3623,49.6773,8.6855,20.4579,8.1158,0.0413,10,11
0.3639,0.3653,51.2242,16.5525,15.0822,8.9195,0.0409,11,11
0.3717,0.3172,35.7623,34.3627,8.7548,17.1348,0.0223,11,10
0.3622,0.2442,36.4908,34.3925,7.4250,9.0088,0.0319,11,9
0.3480,0.1785,35.6113,40.9776,7.9340,7.7429,0.0455,11,8
0.3387,0.1121,34.9081,45.2152,8.4329,7.9897,0.0550,11,7
0.3326,0.0450,34.3992,47.3749,7.9053,8.4288,0.0616,11,6
0.3311,-0.0205,32.3741,50.0648,8.2489,7.7226,0.0642,11,5
0.3398,-0.0892,29.4220,48.8775,8.3501,8.4028,0.0567,11,4
0.3439,-0.1566,27.4289,49.6058,8.1769,7.9075,0.0543,11,3
0.3596,-0.2251,21.7885,48.0372,8.0663,7.9189,0.0423,11,2
0.3635,-0.2952,20.7151,48.8148,8.0996,9.7807,0.0402,11,1
0.3679,-0.3669,16.5146,49.4747,10.7652,17.5790,0.0369,11,0
-0.3650,-0.3643,8.7759,16.3988,15.4167,50.8219,0.0408,0,0
-0.3063,-0.3698,14.5805,32.3497,8.3363,37.4217,0.0251,1,0
-0.2268,-0.3621,7.8959,32.2246,8.3297,37.9878,0.0326,2,0
-0.1525,-0.3448,7.9934,38.6601,8.0510,39.0083,0.0488,3,0
-0.0788,-0.3383,7.8861,41.7371,8.0362,37.4926,0.0552,4,0
-0.0029,-0.3399,7.8930,41.5762,8.5042,36.2913,0.0537,5,0
0.0701,-0.3431,8.2014,42.5597,8.4469,33.0728,0.0513,6,0
0.1443,-0.3520,8.0414,43.0135,8.1628,29.3316,0.0440,7,0
0.2203,-0.3608,7.8346,43.1034,7.9646,26.5144,0.0371,8,0
0.2943,-0.3631,8.0550,46.7829,7.9831,24.0572,0.0379,9,0
0.3716,-0.3663,15.9715,49.1798,11.2063,18.8898,0.0364,10,0
0.3754,-0.3084,32.2007,34.9407,16.6895,10.5641,0.0213,10,1
0.3029,-0.3009,23.7544,41.4297,19.0746,23.1690,0.0195,9,1
0.2295,-0.2960,16.1317,39.7218,17.3564,30.6011,0.0203,8,1
0.1547,-0.2920,11.9089,38.5286,14.8289,34.0298,0.0230,7,1
0.0803,-0.2903,9.2426,35.8338,13.1335,36.9431,0.0242,6,1
0.0063,-0.2892,8.5486,33.3655,11.6507,39.9046,0.0259,5,1
-0.0673,-0.2890,8.2434,30.4211,12.3610,42.3676,0.0276,4,1
-0.1433,-0.2894,9.9350,29.0618,12.3769,44.2514,0.0285,3,1
-0.2166,-0.2902,10.8701,24.3778,15.2112,46.7888,0.0308,2,1
-0.2908,-0.2914,11.1852,18.7271,19.8106,48.7176,0.0331,1,1
-0.3660,-0.2917,7.8690,10.2636,22.3722,45.9857,0.0358,0,1
-0.3640,-0.2333,10.5562,7.7695,35.7869,33.6647,0.0296,0,2
-0.2962,-0.2250,16.9396,17.4103,28.3459,40.5534,0.0212,1,2
-0.2264,-0.2220,20.2005,27.9705,22.8579,39.8412,0.0165,2,2
-0.1524,-0.2187,19.4993,33.2407,17.8999,38.2587,0.0175,3,2
-0.0779,-0.2195,20.0477,36.0835,17.6391,35.8930,0.0162,4,2
-0.0033,-0.2189,19.9878,38.8580,16.1782,33.4038,0.0173,5,2
0.0700,-0.2179,19.8067,42.1500,14.9646,30.0861,0.0204,6,2
0.1444,-0.2190,22.4966,43.6715,15.0970,26.0832,0.0221,7,2
0.2187,-0.2184,23.9987,45.6997,13.9552,21.4716,0.0258,8,2
0.2928,-0.2184,25.7461,45.6341,11.3841,14.7810,0.0296,9,2
0.3628,-0.2165,25.2043,44.1825,7.7405,7.3864,0.0382,10,2
0.3503,-0.1606,42.8073,32.9226,8.4339,8.1647,0.0457,10,3
0.2954,-0.1513,33.0669,37.8748,14.4404,12.4916,0.0222,9,3
0.2252,-0.1499,30.4070,38.2472,20.6906,21.9382,0.0145,8,3
0.1541,-0.1474,25.2179,37.1514,23.2090,30.0407,0.0105,7,3
0.0803,-0.1477,23.9005,33.8561,24.8357,33.9997,0.0090,6,3
0.0064,-0.1455,20.5399,31.5644,24.7979,38.0898,0.0123,5,3
-0.0659,-0.1446,17.9769,27.6101,26.2906,41.5230,0.0169,4,3
-0.1412,-0.1457,17.1285,23.5636,28.6873,43.1730,0.0190,3,3
-0.2152,-0.1446,14.3186,18.2275,29.0465,44.2988,0.0238,2,3
-0.2880,-0.1437,9.2978,10.8169,29.6225,44.5480,0.0296,1,3
-0.3386,-0.1430,8.2247,8.4862,34.2778,46.4365,0.0565,0,3
-0.3450,-0.0848,8.2378,7.9522,43.7855,32.3433,0.0490,0,4
-0.2909,-0.0766,13.1870,10.2385,35.8829,36.5067,0.0237,1,4
-0.2228,-0.0744,20.4930,21.0268,32.0611,36.2841,0.0133,2,4
-0.1507,-0.0733,24.4775,27.9641,29.4773,35.1426,0.0074,3,4
-0.0782,-0.0720,27.1834,32.3821,26.1008,32.5875,0.0058,4,4
-0.0047,-0.0724,29.5151,35.9576,23.5381,28.7551,0.0080,5,4
0.0684,-0.0719,31.3009,38.9962,20.9354,25.6044,0.0131,6,4
0.1426,-0.0727,33.8508,39.9892,18.5517,21.1052,0.0172,7,4
0.2164,-0.0717,34.0134,41.3866,14.2821,16.3513,0.0224,8,4
0.2891,-0.0734,35.1602,39.4118,9.2473,7.9811,0.0282,9,4
0.3288,-0.0738,42.3446,43.5639,8.2381,8.2332,0.0672,10,4
0.3425,-0.0104,45.8375,31.6633,7.8351,8.5468,0.0546,10,5
0.2930,-0.0001,37.0228,35.1903,11.7549,11.1844,0.0239,9,5
0.2235,0.0031,33.8499,36.4574,18.7818,20.4151,0.0146,8,5
0.1533,0.0014,32.6532,32.2522,25.9058,25.8696,0.0057,7,5
0.0806,0.0018,29.6143,29.9705,29.7705,30.0007,0.0008,6,5
0.0064,0.0020,26.8034,27.6957,32.6404,32.5740,0.0053,5,5
-0.0668,0.0006,24.2960,23.5805,35.8131,34.8013,0.0109,4,5
-0.1401,0.0014,19.1454,19.2306,37.6145,37.0647,0.0166,3,5
-0.2147,0.0010,15.8274,15.3824,37.7221,37.1406,0.0209,2,5
-0.2843,0.0012,7.7202,7.8299,38.3265,37.8243,0.0302,1,5
-0.3229,0.0014,8.4323,8.1796,44.2792,44.0114,0.0706,0,5
-0.3393,0.0632,7.7391,8.1074,47.8819,29.7464,0.0568,0,6
-0.2910,0.0752,11.5233,11.7551,38.8010,33.4667,0.0240,1,6
-0.2207,0.0774,18.9409,19.6604,36.9366,33.7475,0.0152,2,6
-0.1516,0.0755,27.8935,24.8501,34.6453,28.9117,0.0069,3,6
-0.0791,0.0751,33.3272,28.2178,31.4887,26.2747,0.0052,4,6
-0.0047,0.0738,36.4891,29.5223,29.5824,23.8908,0.0087,5,6
0.0690,0.0735,39.2378,31.2420,26.0062,20.8192,0.0129,6,6
0.1419,0.0745,40.5033,33.6690,20.5012,17.9556,0.0180,7,6
0.2165,0.0734,42.0964,33.2195,16.0306,13.8304,0.0225,8,6
0.2897,0.0734,40.5212,33.3944,9.7212,8.5141,0.0280,9,6
0.3247,0.0724,47.5499,40.8559,8.0723,8.4473,0.0716,10,6
0.3459,0.1371,49.6472,26.9781,7.5901,8.3687,0.0546,10,7
0.2957,0.1516,39.4299,31.3647,13.5958,15.0968,0.0224,9,7
0.2262,0.1532,37.7215,30.0781,22.4343,21.3010,0.0132,8,7
0.1540,0.1496,37.1749,25.1131,29.9457,23.1600,0.0107,7,7
0.0815,0.1494,33.7526,22.7983,34.9326,24.9723,0.0098,6,7
0.0080,0.1477,30.9231,19.4558,39.3380,25.6142,0.0132,5,7
-0.0658,0.1488,26.7516,19.4059,41.0043,27.5770,0.0157,4,7
-0.1389,0.1470,22.0014,15.9016,44.4249,28.1244,0.0215,3,7
-0.2145,0.1472,17.8605,13.9221,44.8153,29.9134,0.0242,2,7
-0.2883,0.1459,11.4192,9.6867,44.2086,29.6509,0.0294,1,7
-0.3314,0.1434,7.8555,8.0050,49.2173,35.4943,0.0641,0,7
-0.3531,0.2151,7.8377,8.2261,48.2325,25.4691,0.0464,0,8
-0.2973,0.2293,17.6536,18.7392,39.4679,29.6006,0.0193,1,8
-0.2278,0.2272,28.2948,22.0560,38.0321,23.9673,0.0134,2,8
-0.1539,0.2244,32.6719,21.6827,36.5536,20.0205,0.0139,3,8
-0.0809,0.2220,37.9036,21.0813,34.1355,16.3628,0.0163,4,8
-0.0080,0.2224,41.0950,22.0259,29.7220,15.2720,0.0181,5,8
0.0671,0.2218,42.9821,22.2542,27.4488,14.9632,0.0208,6,8
0.1409,0.2211,45.7885,23.1476,23.3002,13.9144,0.0248,7,8
0.2154,0.2201,47.5499,24.2100,18.7255,12.2829,0.0288,8,8
0.2911,0.2183,47.2667,24.5028,14.3887,10.1465,0.0324,9,8
0.3521,0.2159,47.7423,26.6856,8.0599,7.7931,0.0490,10,8
0.3617,0.2889,50.5987,21.0415,7.7213,7.8258,0.0442,10,9
0.3029,0.3019,41.6857,23.1448,23.9904,18.4579,0.0206,9,9
0.2321,0.2997,38.3197,16.4419,31.4461,18.8905,0.0182,8,9
0.1570,0.2950,36.6686,10.6880,35.7034,15.6341,0.0220,7,9
0.0830,0.2934,34.2847,9.2014,38.5056,14.1701,0.0237,6,9
0.0088,0.2927,31.3950,8.4553,40.6805,13.5865,0.0254,5,9
-0.0643,0.2921,28.8537,7.9429,43.9239,13.7780,0.0282,4,9
-0.1405,0.2930,26.8286,9.4819,45.2683,14.8585,0.0289,3,9
-0.2134,0.2930,22.0105,9.7637,48.1557,16.9719,0.0326,2,9
-0.2899,0.2928,18.3021,10.5583,49.2422,18.9851,0.0345,1,9
-0.3646,0.2922,9.4965,7.7529,47.6432,21.1085,0.0380,0,9
-0.3662,0.3687,17.2618,10.0243,49.7674,15.8455,0.0385,0,10
-0.3084,0.3736,32.6784,16.2334,35.9059,9.1554,0.0231,1,10
-0.2317,0.3614,36.8215,7.9480,35.5739,7.9553,0.0347,2,10
-0.1575,0.3430,42.9784,8.5403,36.1303,8.0859,0.0529,3,10
-0.0836,0.3409,44.8390,7.9804,33.9644,8.2604,0.0553,4,10
-0.0107,0.3342,48.6592,7.7354,33.2393,8.0261,0.0628,5,10
0.0643,0.3383,48.3851,7.5901,30.8160,7.8096,0.0597,6,10
0.1366,0.3452,49.9966,7.7608,26.4490,8.2017,0.0554,7,10
0.2131,0.3566,48.8518,8.4607,23.2937,7.7060,0.0465,8,10
0.2905,0.3639,48.9855,7.8139,21.2604,7.9022,0.0414,9,10
0.3654,0.3673,51.7370,16.2827,14.2608,8.4584,0.0417,10,10
-0.3661,-0.3630,8.9357,17.6663,14.3925,51.6995,0.0409,0,0
-0.3735,-0.3084,17.1943,11.7808,32.0670,35.9219,0.0209,0,1
-0.3633,-0.2309,10.0550,7.8407,34.4602,35.3210,0.0305,0,2
-0.3529,-0.1565,8.2066,7.9690,38.8114,34.0706,0.0405,0,3
-0.3436,-0.0821,8.0857,8.1887,42.0371,34.3238,0.0501,0,4
-0.3418,-0.0103,8.0019,8.1527,45.5669,31.0131,0.0529,0,5
-0.3432,0.0660,8.0664,8.0087,45.6203,30.2994,0.0522,0,6
-0.3461,0.1385,8.0892,8.1497,48.1929,26.8844,0.0517,0,7
-0.3578,0.2153,8.0461,7.8685,47.0654,23.9147,0.0423,0,8
-0.3634,0.2914,8.8175,8.1954,48.8932,21.7218,0.0395,0,9
-0.3671,0.3686,17.4397,9.8775,49.4177,16.3076,0.0380,0,10
-0.3105,0.3702,35.9930,15.0144,35.3856,7.8452,0.0260,1,10
-0.3017,0.3024,25.1855,18.8190,40.3677,22.1582,0.0194,1,9
-0.2977,0.2291,18.5250,18.2723,39.6487,29.4575,0.0190,1,8
-0.2935,0.1568,12.0145,16.4603,37.2054,35.2790,0.0211,1,7
-0.2913,0.0812,10.1795,14.1370,35.2637,37.2759,0.0233,1,6
-0.2915,0.0085,9.1126,14.5270,31.6670,40.5483,0.0242,1,5
-0.2896,-0.0640,8.2410,13.6245,28.3400,44.1866,0.0284,1,4
-0.2900,-0.1376,8.3953,14.9952,24.8106,46.8924,0.0311,1,3
-0.2918,-0.2142,10.7153,17.3119,22.4748,47.5457,0.0313,1,2
-0.2905,-0.2899,10.8134,19.2050,18.7215,49.6543,0.0344,1,1
-0.2950,-0.3643,8.4687,25.6772,7.8553,44.5306,0.0351,1,0
-0.2289,-0.3597,7.6256,33.2688,7.8972,37.8257,0.0344,2,0
-0.2265,-0.2964,17.4822,30.3621,16.7588,40.3454,0.0203,2,1
-0.2236,-0.2263,20.8316,24.4598,26.5128,39.0686,0.0152,2,2
-0.2225,-0.1544,22.0421,20.5272,33.3564,36.4555,0.0133,2,3
-0.2190,-0.0796,20.2412,15.9615,37.2809,34.6966,0.0168,2,4
-0.2191,-0.0051,20.3151,16.0337,39.3781,32.0157,0.0177,2,5
-0.2195,0.0679,21.9750,15.5054,42.4104,27.9266,0.0202,2,6
-0.2197,0.1426,23.9905,14.8711,44.7733,24.3857,0.0229,2,7
-0.2182,0.2154,24.9631,11.9618,47.5313,18.8524,0.0285,2,8
-0.2174,0.2892,26.2907,9.7891,47.7208,12.5927,0.0331,2,9
-0.2153,0.3527,27.5834,7.7083,46.6338,8.0889,0.0477,2,10
-0.1594,0.3442,43.9728,7.7024,35.3558,8.0548,0.0518,3,10
-0.1542,0.2938,35.5981,14.8137,37.7273,10.0722,0.0233,3,9
-0.1501,0.2253,30.3091,20.4995,38.3089,21.6046,0.0143,3,8
-0.1484,0.1519,26.8964,22.7810,37.7127,28.7566,0.0109,3,7
-0.1470,0.0805,22.4001,24.5667,34.6232,33.1093,0.0096,3,6
-0.1469,0.0054,21.6655,25.2499,31.7004,36.7627,0.0107,3,5
-0.1465,-0.0669,19.3127,27.7524,27.2181,40.7015,0.0149,3,4
-0.1461,-0.1417,18.1890,28.6903,23.6782,42.2303,0.0184,3,3
-0.1469,-0.2157,15.4544,30.4591,17.9711,42.8875,0.0222,3,2
-0.1479,-0.2900,12.2179,32.0541,11.3272,40.9814,0.0261,3,1
-0.1445,-0.3402,8.4578,34.8748,7.8627,44.6228,0.0546,3,0
-0.0784,-0.3498,8.0471,37.9123,8.2752,34.0925,0.0436,4,0
-0.0755,-0.2897,11.6920,35.6732,9.4929,37.5456,0.0249,4,1
-0.0748,-0.2207,19.6174,33.7482,19.6932,37.4100,0.0152,4,2
-0.0721,-0.1502,23.5742,28.9589,27.8783,35.9859,0.0086,4,3
-0.0731,-0.0778,27.4696,27.0321,32.2358,32.6018,0.0046,4,4
-0.0728,-0.0046,29.9652,24.1281,35.6385,29.0118,0.0077,4,5
-0.0722,0.0706,30.7148,22.5875,37.8602,26.5227,0.0110,4,6
-0.0727,0.1441,33.0420,19.0089,39.1712,22.3254,0.0158,4,7
-0.0724,0.2171,34.3439,14.8827,41.3486,15.7368,0.0215,4,8
-0.0730,0.2905,34.4071,9.5668,39.1361,9.3361,0.0269,4,9
-0.0716,0.3202,43.6339,7.8507,48.1648,7.7389,0.0759,4,10
-0.0118,0.3358,48.3405,7.9309,32.1319,7.8850,0.0614,5,10
-0.0012,0.2915,37.9713,10.7259,34.7950,9.1037,0.0256,5,9
0.0004,0.2215,36.1241,18.7266,35.3342,18.5457,0.0165,5,8
-0.0001,0.1506,34.5327,24.9993,32.9202,23.0612,0.0085,5,7
0.0012,0.0790,30.5072,28.9971,30.8559,28.9392,0.0012,5,6
-0.0012,0.0052,29.7218,33.0209,26.6509,30.7900,0.0046,5,5
0.0013,-0.0687,24.7310,34.0534,25.5038,34.0616,0.0091,5,4
0.0011,-0.1426,21.1657,36.0756,20.7845,36.0752,0.0141,5,3
0.0004,-0.2152,15.9260,37.9617,15.4630,36.8043,0.0204,5,2
-0.0010,-0.2877,9.8013,38.1463,8.6664,35.8446,0.0269,5,1
-0.0004,-0.3295,8.1921,42.7853,8.1431,41.1480,0.0640,5,0
0.0698,-0.3495,7.8867,41.7978,7.5723,31.0715,0.0451,6,0
0.0759,-0.2911,11.6490,38.2659,11.9666,33.6484,0.0238,6,1
0.0757,-0.2221,21.0983,37.3830,19.9499,31.9341,0.0142,6,2
0.0771,-0.1508,26.8917,34.0817,25.6860,30.7050,0.0066,6,3
0.0755,-0.0770,31.5281,33.0927,27.2166,27.3981,0.0047,6,4
0.0761,-0.0042,34.8602,28.8108,29.9652,25.2342,0.0068,6,5
0.0759,0.0699,36.8865,25.5318,32.0492,22.4952,0.0110,6,6
0.0740,0.1442,40.0224,22.2848,32.0214,18.7885,0.0161,6,7
0.0731,0.2170,41.6396,16.7775,33.2537,14.4570,0.0221,6,8
0.0723,0.2885,41.8070,8.6082,32.8276,8.3716,0.0295,6,9
0.0767,0.3214,45.9988,7.8399,44.8978,7.9636,0.0745,6,10
0.1350,0.3450,50.6979,7.7814,25.7216,7.7825,0.0562,7,10
0.1508,0.2938,40.4205,11.9633,31.8485,12.5375,0.0246,7,9
0.1513,0.2246,39.1419,22.5028,29.1228,19.6751,0.0155,7,8
0.1502,0.1545,36.4595,30.0062,25.2659,23.7936,0.0099,7,7
0.1472,0.0809,34.5738,35.4257,21.2784,23.9544,0.0119,7,6
0.1480,0.0067,31.4764,37.9719,20.4315,25.1370,0.0124,7,5
0.1470,-0.0682,28.8484,40.5443,19.1513,25.4014,0.0153,7,4
0.1467,-0.1420,24.1951,43.0379,17.3533,27.0705,0.0192,7,3
0.1466,-0.2143,17.6635,44.7446,14.2745,29.1462,0.0247,7,2
0.1491,-0.2880,9.7166,42.6279,10.1430,31.3164,0.0284,7,1
0.1449,-0.3477,7.9724,44.1133,7.9637,30.7534,0.0479,7,0
0.2206,-0.3593,7.9026,43.2732,8.0409,27.3107,0.0383,8,0
0.2285,-0.2989,19.0597,39.5615,18.8987,28.3400,0.0183,8,1
0.2266,-0.2268,27.6795,38.5955,21.3006,24.6728,0.0144,8,2
0.2231,-0.1540,33.1415,37.5686,20.8057,19.1231,0.0151,8,3
0.2224,-0.0806,37.4429,33.7965,21.3060,16.7719,0.0158,8,4
0.2223,-0.0063,40.2190,31.3469,21.6219,16.1056,0.0174,8,5
0.2193,0.0659,44.7748,27.9039,20.7592,12.7028,0.0234,8,6
0.2203,0.1415,46.1953,24.2881,22.5109,13.7703,0.0249,8,7
0.2184,0.2154,48.3054,20.1605,23.1823,11.6037,0.0299,8,8
0.2180,0.2907,48.2805,14.3537,24.8104,9.9715,0.0329,8,9
0.2128,0.3521,49.8233,8.3000,24.9297,7.5984,0.0504,8,10
0.2908,0.3638,48.7509,8.0025,22.0715,8.0806,0.0413,9,10
0.3037,0.3034,40.6834,23.3777,24.5433,20.0196,0.0189,9,9
0.2985,0.2314,38.4463,31.4146,16.0292,18.1618,0.0195,9,8
0.2959,0.1586,35.5205,36.0633,11.4781,16.8474,0.0210,9,7
0.2913,0.0852,33.3425,40.2935,8.3518,13.6430,0.0261,9,6
0.2886,0.0087,33.1236,42.2604,7.9986,10.5929,0.0293,9,5
0.2911,-0.0651,29.3718,43.4258,7.9389,12.6820,0.0287,9,4
0.2931,-0.1388,25.1045,46.1688,8.8645,14.8247,0.0298,9,3
0.2920,-0.2147,23.6575,47.9199,9.8218,15.6889,0.0325,9,2
0.2920,-0.2890,18.1676,50.3218,9.2741,19.1379,0.0357,9,1
0.2940,-0.3644,8.7978,46.6990,8.1165,23.3241,0.0371,9,0
0.3693,-0.3676,18.1130,49.0036,10.8976,16.3068,0.0370,10,0
0.3727,-0.3098,34.1473,35.1049,16.0270,8.4625,0.0236,10,1
0.3627,-0.2325,36.2792,35.1047,8.1816,7.2646,0.0332,10,2
0.3470,-0.1598,43.5846,34.1153,8.1138,8.1593,0.0489,10,3
0.3380,-0.0839,45.4885,34.9354,7.8191,7.6803,0.0582,10,4
0.3377,-0.0094,46.5832,32.9537,8.2895,8.1462,0.0591,10,5
0.3359,0.0633,49.9754,31.0915,7.8547,8.1730,0.0622,10,6
0.3402,0.1353,51.2480,26.8579,8.3004,8.3502,0.0605,10,7
0.3576,0.2125,48.3319,22.7720,7.9297,8.1446,0.0459,10,8
0.3662,0.2907,48.2021,20.6328,9.0089,7.8495,0.0395,10,9
0.3677,0.3667,51.1771,15.4106,16.8359,8.9948,0.0405,10,10